CW-001,铝合金主龙骨规格-1,阳极氧化表面处理 壁厚3.0mm,6063-T6 铝合金,GB/T 5237
CW-002,铝合金主龙骨规格-2,阳极氧化表面处理 壁厚3.0mm,6063-T6 铝合金,GB/T 5237
CW-003,铝合金主龙骨规格-3,阳极氧化表面处理 壁厚3.0mm,6063-T6 铝合金,GB/T 5237
CW-004,铝合金主龙骨规格-4,阳极氧化表面处理 壁厚3.0mm,6063-T6 铝合金,GB/T 5237
CW-005,铝合金主龙骨规格-5,阳极氧化表面处理 壁厚3.0mm,6063-T6 铝合金,GB/T 5237
CW-006,铝合金主龙骨规格-6,阳极氧化表面处理 壁厚3.0mm,6063-T6 铝合金,GB/T 5237
CW-007,铝合金主龙骨规格-7,阳极氧化表面处理 壁厚3.0mm,6063-T6 铝合金,GB/T 5237
CW-008,铝合金主龙骨规格-8,阳极氧化表面处理 壁厚3.0mm,6063-T6 铝合金,GB/T 5237
CW-009,铝合金主龙骨规格-9,阳极氧化表面处理 壁厚3.0mm,6063-T6 铝合金,GB/T 5237
CW-010,铝合金主龙骨规格-10,阳极氧化表面处理 壁厚3.0mm,6063-T6 铝合金,GB/T 5237
CW-011,铝合金主龙骨规格-11,阳极氧化表面处理 壁厚3.0mm,6063-T6 铝合金,GB/T 5237
CW-012,铝合金主龙骨规格-12,阳极氧化表面处理 壁厚3.0mm,6063-T6 铝合金,GB/T 5237
CW-013,铝合金主龙骨规格-13,阳极氧化表面处理 壁厚3.0mm,6063-T6 铝合金,GB/T 5237
CW-014,铝合金主龙骨规格-14,阳极氧化表面处理 壁厚3.0mm,6063-T6 铝合金,GB/T 5237
CW-015,铝合金主龙骨规格-15,阳极氧化表面处理 壁厚3.0mm,6063-T6 铝合金,GB/T 5237
CW-016,铝合金主龙骨规格-16,阳极氧化表面处理 壁厚3.0mm,6063-T6 铝合金,GB/T 5237
CW-017,铝合金主龙骨规格-17,阳极氧化表面处理 壁厚3.0mm,6063-T6 铝合金,GB/T 5237
CW-018,铝合金主龙骨规格-18,阳极氧化表面处理 壁厚3.0mm,6063-T6 铝合金,GB/T 5237
CW-019,铝合金主龙骨规格-19,阳极氧化表面处理 壁厚3.0mm,6063-T6 铝合金,GB/T 5237
CW-020,铝合金主龙骨规格-20,阳极氧化表面处理 壁厚3.0mm,6063-T6 铝合金,GB/T 5237
CW-021,铝合金主龙骨规格-21,阳极氧化表面处理 壁厚3.0mm,6063-T6 铝合金,GB/T 5237
CW-022,铝合金主龙骨规格-22,阳极氧化表面处理 壁厚3.0mm,6063-T6 铝合金,GB/T 5237
CW-023,铝合金主龙骨规格-23,阳极氧化表面处理 壁厚3.0mm,6063-T6 铝合金,GB/T 5237
CW-024,铝合金主龙骨规格-24,阳极氧化表面处理 壁厚3.0mm,6063-T6 铝合金,GB/T 5237
CW-025,铝合金主龙骨规格-25,阳极氧化表面处理 壁厚3.0mm,6063-T6 铝合金,GB/T 5237
CW-026,铝合金主龙骨规格-26,阳极氧化表面处理 壁厚3.0mm,6063-T6 铝合金,GB/T 5237
CW-027,铝合金主龙骨规格-27,阳极氧化表面处理 壁厚3.0mm,6063-T6 铝合金,GB/T 5237
CW-028,铝合金主龙骨规格-28,阳极氧化表面处理 壁厚3.0mm,6063-T6 铝合金,GB/T 5237
CW-029,铝合金主龙骨规格-29,阳极氧化表面处理 壁厚3.0mm,6063-T6 铝合金,GB/T 5237
CW-030,铝合金主龙骨规格-30,阳极氧化表面处理 壁厚3.0mm,6063-T6 铝合金,GB/T 5237
CW-031,铝合金主龙骨规格-31,阳极氧化表面处理 壁厚3.0mm,6063-T6 铝合金,GB/T 5237
CW-032,铝合金主龙骨规格-32,阳极氧化表面处理 壁厚3.0mm,6063-T6 铝合金,GB/T 5237
CW-033,铝合金主龙骨规格-33,阳极氧化表面处理 壁厚3.0mm,6063-T6 铝合金,GB/T 5237
CW-034,铝合金主龙骨规格-34,阳极氧化表面处理 壁厚3.0mm,6063-T6 铝合金,GB/T 5237
CW-035,铝合金主龙骨规格-35,阳极氧化表面处理 壁厚3.0mm,6063-T6 铝合金,GB/T 5237
CW-036,铝合金主龙骨规格-36,阳极氧化表面处理 壁厚3.0mm,6063-T6 铝合金,GB/T 5237
CW-037,铝合金主龙骨规格-37,阳极氧化表面处理 壁厚3.0mm,6063-T6 铝合金,GB/T 5237
CW-038,铝合金主龙骨规格-38,阳极氧化表面处理 壁厚3.0mm,6063-T6 铝合金,GB/T 5237
CW-039,铝合金主龙骨规格-39,阳极氧化表面处理 壁厚3.0mm,6063-T6 铝合金,GB/T 5237
CW-040,铝合金主龙骨规格-40,阳极氧化表面处理 壁厚3.0mm,6063-T6 铝合金,GB/T 5237
CW-041,铝合金主龙骨规格-41,阳极氧化表面处理 壁厚3.0mm,6063-T6 铝合金,GB/T 5237
CW-042,铝合金主龙骨规格-42,阳极氧化表面处理 壁厚3.0mm,6063-T6 铝合金,GB/T 5237
CW-043,铝合金主龙骨规格-43,阳极氧化表面处理 壁厚3.0mm,6063-T6 铝合金,GB/T 5237
CW-044,铝合金主龙骨规格-44,阳极氧化表面处理 壁厚3.0mm,6063-T6 铝合金,GB/T 5237
CW-045,铝合金主龙骨规格-45,阳极氧化表面处理 壁厚3.0mm,6063-T6 铝合金,GB/T 5237
CW-046,铝合金主龙骨规格-46,阳极氧化表面处理 壁厚3.0mm,6063-T6 铝合金,GB/T 5237
CW-047,铝合金主龙骨规格-47,阳极氧化表面处理 壁厚3.0mm,6063-T6 铝合金,GB/T 5237
CW-048,铝合金主龙骨规格-48,阳极氧化表面处理 壁厚3.0mm,6063-T6 铝合金,GB/T 5237
CW-049,铝合金主龙骨规格-49,阳极氧化表面处理 壁厚3.0mm,6063-T6 铝合金,GB/T 5237
CW-050,铝合金主龙骨规格-50,阳极氧化表面处理 壁厚3.0mm,6063-T6 铝合金,GB/T 5237
CW-051,铝合金主龙骨规格-51,阳极氧化表面处理 壁厚3.0mm,6063-T6 铝合金,GB/T 5237
CW-052,铝合金主龙骨规格-52,阳极氧化表面处理 壁厚3.0mm,6063-T6 铝合金,GB/T 5237
CW-053,铝合金主龙骨规格-53,阳极氧化表面处理 壁厚3.0mm,6063-T6 铝合金,GB/T 5237
CW-054,铝合金主龙骨规格-54,阳极氧化表面处理 壁厚3.0mm,6063-T6 铝合金,GB/T 5237
CW-055,铝合金主龙骨规格-55,阳极氧化表面处理 壁厚3.0mm,6063-T6 铝合金,GB/T 5237
CW-056,铝合金主龙骨规格-56,阳极氧化表面处理 壁厚3.0mm,6063-T6 铝合金,GB/T 5237
CW-057,铝合金主龙骨规格-57,阳极氧化表面处理 壁厚3.0mm,6063-T6 铝合金,GB/T 5237
CW-058,铝合金主龙骨规格-58,阳极氧化表面处理 壁厚3.0mm,6063-T6 铝合金,GB/T 5237
CW-059,铝合金主龙骨规格-59,阳极氧化表面处理 壁厚3.0mm,6063-T6 铝合金,GB/T 5237
CW-060,铝合金主龙骨规格-60,阳极氧化表面处理 壁厚3.0mm,6063-T6 铝合金,GB/T 5237
CW-061,铝合金主龙骨规格-61,阳极氧化表面处理 壁厚3.0mm,6063-T6 铝合金,GB/T 5237
CW-062,铝合金主龙骨规格-62,阳极氧化表面处理 壁厚3.0mm,6063-T6 铝合金,GB/T 5237
CW-063,铝合金主龙骨规格-63,阳极氧化表面处理 壁厚3.0mm,6063-T6 铝合金,GB/T 5237
CW-064,铝合金主龙骨规格-64,阳极氧化表面处理 壁厚3.0mm,6063-T6 铝合金,GB/T 5237
CW-065,铝合金主龙骨规格-65,阳极氧化表面处理 壁厚3.0mm,6063-T6 铝合金,GB/T 5237
CW-066,铝合金主龙骨规格-66,阳极氧化表面处理 壁厚3.0mm,6063-T6 铝合金,GB/T 5237
CW-067,铝合金主龙骨规格-67,阳极氧化表面处理 壁厚3.0mm,6063-T6 铝合金,GB/T 5237
CW-068,铝合金主龙骨规格-68,阳极氧化表面处理 壁厚3.0mm,6063-T6 铝合金,GB/T 5237
CW-069,铝合金主龙骨规格-69,阳极氧化表面处理 壁厚3.0mm,6063-T6 铝合金,GB/T 5237
CW-070,铝合金主龙骨规格-70,阳极氧化表面处理 壁厚3.0mm,6063-T6 铝合金,GB/T 5237
CW-071,铝合金主龙骨规格-71,阳极氧化表面处理 壁厚3.0mm,6063-T6 铝合金,GB/T 5237
CW-072,铝合金主龙骨规格-72,阳极氧化表面处理 壁厚3.0mm,6063-T6 铝合金,GB/T 5237
CW-073,铝合金主龙骨规格-73,阳极氧化表面处理 壁厚3.0mm,6063-T6 铝合金,GB/T 5237
CW-074,铝合金主龙骨规格-74,阳极氧化表面处理 壁厚3.0mm,6063-T6 铝合金,GB/T 5237
CW-075,铝合金主龙骨规格-75,阳极氧化表面处理 壁厚3.0mm,6063-T6 铝合金,GB/T 5237
CW-076,铝合金主龙骨规格-76,阳极氧化表面处理 壁厚3.0mm,6063-T6 铝合金,GB/T 5237
CW-077,铝合金主龙骨规格-77,阳极氧化表面处理 壁厚3.0mm,6063-T6 铝合金,GB/T 5237
CW-078,铝合金主龙骨规格-78,阳极氧化表面处理 壁厚3.0mm,6063-T6 铝合金,GB/T 5237
CW-079,铝合金主龙骨规格-79,阳极氧化表面处理 壁厚3.0mm,6063-T6 铝合金,GB/T 5237
CW-080,铝合金主龙骨规格-80,阳极氧化表面处理 壁厚3.0mm,6063-T6 铝合金,GB/T 5237
CW-081,铝合金主龙骨规格-81,阳极氧化表面处理 壁厚3.0mm,6063-T6 铝合金,GB/T 5237
CW-082,铝合金主龙骨规格-82,阳极氧化表面处理 壁厚3.0mm,6063-T6 铝合金,GB/T 5237
CW-083,铝合金主龙骨规格-83,阳极氧化表面处理 壁厚3.0mm,6063-T6 铝合金,GB/T 5237
CW-084,铝合金主龙骨规格-84,阳极氧化表面处理 壁厚3.0mm,6063-T6 铝合金,GB/T 5237
CW-085,铝合金主龙骨规格-85,阳极氧化表面处理 壁厚3.0mm,6063-T6 铝合金,GB/T 5237
CW-086,铝合金主龙骨规格-86,阳极氧化表面处理 壁厚3.0mm,6063-T6 铝合金,GB/T 5237
CW-087,铝合金主龙骨规格-87,阳极氧化表面处理 壁厚3.0mm,6063-T6 铝合金,GB/T 5237
CW-088,铝合金主龙骨规格-88,阳极氧化表面处理 壁厚3.0mm,6063-T6 铝合金,GB/T 5237
CW-089,铝合金主龙骨规格-89,阳极氧化表面处理 壁厚3.0mm,6063-T6 铝合金,GB/T 5237
CW-090,铝合金主龙骨规格-90,阳极氧化表面处理 壁厚3.0mm,6063-T6 铝合金,GB/T 5237
CW-091,铝合金主龙骨规格-91,阳极氧化表面处理 壁厚3.0mm,6063-T6 铝合金,GB/T 5237
CW-092,铝合金主龙骨规格-92,阳极氧化表面处理 壁厚3.0mm,6063-T6 铝合金,GB/T 5237
CW-093,铝合金主龙骨规格-93,阳极氧化表面处理 壁厚3.0mm,6063-T6 铝合金,GB/T 5237
CW-094,铝合金主龙骨规格-94,阳极氧化表面处理 壁厚3.0mm,6063-T6 铝合金,GB/T 5237
CW-095,铝合金主龙骨规格-95,阳极氧化表面处理 壁厚3.0mm,6063-T6 铝合金,GB/T 5237
CW-096,铝合金主龙骨规格-96,阳极氧化表面处理 壁厚3.0mm,6063-T6 铝合金,GB/T 5237
CW-097,铝合金主龙骨规格-97,阳极氧化表面处理 壁厚3.0mm,6063-T6 铝合金,GB/T 5237
CW-098,铝合金主龙骨规格-98,阳极氧化表面处理 壁厚3.0mm,6063-T6 铝合金,GB/T 5237
CW-099,铝合金主龙骨规格-99,阳极氧化表面处理 壁厚3.0mm,6063-T6 铝合金,GB/T 5237
CW-100,铝合金主龙骨规格-100,阳极氧化表面处理 壁厚3.0mm,6063-T6 铝合金,GB/T 5237
